{"meta": {"format": 3, "version": "7.11.1", "timestamp": "2025-12-06T15:12:53.703786", "branch_coverage": false, "show_contexts": false}, "files": {"core/gmail_utils.py": {"executed_lines": [1, 3, 4, 5, 6, 7, 8, 9, 10, 11, 12, 14, 16, 18, 26, 27, 28, 31, 32, 33, 38, 39, 40, 43, 45, 53, 55, 56, 58, 59, 60, 61, 63, 64, 65, 66, 67, 68, 70, 73, 75, 76, 77, 79, 82, 84, 85, 86, 90, 93, 94, 95, 98, 103, 117, 118, 119, 120, 121, 124, 134, 135, 140, 148, 155, 157, 158, 159, 161, 162, 163, 166, 170, 183, 184, 185, 188, 198, 199, 203, 211, 218, 220, 221, 222, 223, 224, 225, 226, 228, 231, 233, 236, 237, 238, 239, 240, 241, 242, 247, 248, 249, 250, 254, 257, 259, 260, 261, 262, 265, 268, 269, 270, 273, 274, 279, 281, 282, 284, 285, 286, 288, 289, 290, 291, 294, 299, 300, 303, 332, 333, 334, 336, 337, 338, 339, 342, 344, 346, 349, 352, 355, 359, 362], "summary": {"covered_lines": 140, "num_statements": 199, "percent_covered": 70.35175879396985, "percent_covered_display": "70.35", "missing_lines": 59, "excluded_lines": 0}, "missing_lines": [34, 35, 91, 99, 100, 104, 105, 107, 108, 109, 111, 125, 126, 127, 128, 129, 131, 138, 141, 142, 143, 144, 146, 149, 150, 152, 167, 171, 172, 173, 174, 175, 177, 189, 190, 191, 192, 193, 195, 201, 204, 205, 206, 207, 209, 212, 213, 215, 243, 244, 251, 252, 276, 287, 347, 350, 353, 356, 360], "excluded_lines": [], "functions": {"GmailRateLimitError.__init__": {"executed_lines": [], "summary": {"covered_lines": 0, "num_statements": 2, "percent_covered": 0.0, "percent_covered_display": "0.00", "missing_lines": 2, "excluded_lines": 0}, "missing_lines": [34, 35], "excluded_lines": []}, "build_gmail_auth_url": {"executed_lines": [45], "summary": {"covered_lines": 1, "num_statements": 1, "percent_covered": 100.0, "percent_covered_display": "100.00", "missing_lines": 0, "excluded_lines": 0}, "missing_lines": [], "excluded_lines": []}, "refresh_gmail_token": {"executed_lines": [55, 56, 58, 59, 60, 61, 63, 64, 65, 66, 67, 68, 70], "summary": {"covered_lines": 13, "num_statements": 13, "percent_covered": 100.0, "percent_covered_display": "100.00", "missing_lines": 0, "excluded_lines": 0}, "missing_lines": [], "excluded_lines": []}, "ensure_valid_token": {"executed_lines": [75, 76, 77, 79], "summary": {"covered_lines": 4, "num_statements": 4, "percent_covered": 100.0, "percent_covered_display": "100.00", "missing_lines": 0, "excluded_lines": 0}, "missing_lines": [], "excluded_lines": []}, "fetch_messages": {"executed_lines": [84, 85, 86, 90, 93, 94, 95, 98, 103, 117, 118, 119, 120, 121, 124, 134, 135, 140, 148], "summary": {"covered_lines": 19, "num_statements": 43, "percent_covered": 44.18604651162791, "percent_covered_display": "44.19", "missing_lines": 24, "excluded_lines": 0}, "missing_lines": [91, 99, 100, 104, 105, 107, 108, 109, 111, 125, 126, 127, 128, 129, 131, 138, 141, 142, 143, 144, 146, 149, 150, 152], "excluded_lines": []}, "get_message_detail": {"executed_lines": [157, 158, 159, 161, 162, 163, 166, 170, 183, 184, 185, 188, 198, 199, 203, 211], "summary": {"covered_lines": 16, "num_statements": 38, "percent_covered": 42.10526315789474, "percent_covered_display": "42.11", "missing_lines": 22, "excluded_lines": 0}, "missing_lines": [167, 171, 172, 173, 174, 175, 177, 189, 190, 191, 192, 193, 195, 201, 204, 205, 206, 207, 209, 212, 213, 215], "excluded_lines": []}, "parse_email_headers": {"executed_lines": [220, 221, 222, 223, 224, 225, 226, 228], "summary": {"covered_lines": 8, "num_statements": 8, "percent_covered": 100.0, "percent_covered_display": "100.00", "missing_lines": 0, "excluded_lines": 0}, "missing_lines": [], "excluded_lines": []}, "extract_email_body": {"executed_lines": [233, 236, 237, 238, 239, 240, 241, 242, 247, 248, 249, 250, 254], "summary": {"covered_lines": 13, "num_statements": 17, "percent_covered": 76.47058823529412, "percent_covered_display": "76.47", "missing_lines": 4, "excluded_lines": 0}, "missing_lines": [243, 244, 251, 252], "excluded_lines": []}, "extract_email_from_header": {"executed_lines": [259, 260, 261, 262], "summary": {"covered_lines": 4, "num_statements": 4, "percent_covered": 100.0, "percent_covered_display": "100.00", "missing_lines": 0, "excluded_lines": 0}, "missing_lines": [], "excluded_lines": []}, "extract_name_from_header": {"executed_lines": [268, 269, 270, 273, 274], "summary": {"covered_lines": 5, "num_statements": 6, "percent_covered": 83.33333333333333, "percent_covered_display": "83.33", "missing_lines": 1, "excluded_lines": 0}, "missing_lines": [276], "excluded_lines": []}, "parse_gmail_date": {"executed_lines": [281, 282, 284, 285, 286, 288, 289, 290, 291], "summary": {"covered_lines": 9, "num_statements": 10, "percent_covered": 90.0, "percent_covered_display": "90.00", "missing_lines": 1, "excluded_lines": 0}, "missing_lines": [287], "excluded_lines": []}, "classify_email_type": {"executed_lines": [299, 300, 303, 332, 333, 334, 336, 337, 338, 339, 342, 344, 346, 349, 352, 355, 359, 362], "summary": {"covered_lines": 18, "num_statements": 23, "percent_covered": 78.26086956521739, "percent_covered_display": "78.26", "missing_lines": 5, "excluded_lines": 0}, "missing_lines": [347, 350, 353, 356, 360], "excluded_lines": []}, "": {"executed_lines": [1, 3, 4, 5, 6, 7, 8, 9, 10, 11, 12, 14, 16, 18, 26, 27, 28, 31, 32, 33, 38, 39, 40, 43, 53, 73, 82, 155, 218, 231, 257, 265, 279, 294], "summary": {"covered_lines": 30, "num_statements": 30, "percent_covered": 100.0, "percent_covered_display": "100.00", "missing_lines": 0, "excluded_lines": 0}, "missing_lines": [], "excluded_lines": []}}, "classes": {"GmailAPIError": {"executed_lines": [], "summary": {"covered_lines": 0, "num_statements": 0, "percent_covered": 100.0, "percent_covered_display": "100.00", "missing_lines": 0, "excluded_lines": 0}, "missing_lines": [], "excluded_lines": []}, "GmailRateLimitError": {"executed_lines": [], "summary": {"covered_lines": 0, "num_statements": 2, "percent_covered": 0.0, "percent_covered_display": "0.00", "missing_lines": 2, "excluded_lines": 0}, "missing_lines": [34, 35], "excluded_lines": []}, "GmailAuthError": {"executed_lines": [], "summary": {"covered_lines": 0, "num_statements": 0, "percent_covered": 100.0, "percent_covered_display": "100.00", "missing_lines": 0, "excluded_lines": 0}, "missing_lines": [], "excluded_lines": []}, "": {"executed_lines": [1, 3, 4, 5, 6, 7, 8, 9, 10, 11, 12, 14, 16, 18, 26, 27, 28, 31, 32, 33, 38, 39, 40, 43, 45, 53, 55, 56, 58, 59, 60, 61, 63, 64, 65, 66, 67, 68, 70, 73, 75, 76, 77, 79, 82, 84, 85, 86, 90, 93, 94, 95, 98, 103, 117, 118, 119, 120, 121, 124, 134, 135, 140, 148, 155, 157, 158, 159, 161, 162, 163, 166, 170, 183, 184, 185, 188, 198, 199, 203, 211, 218, 220, 221, 222, 223, 224, 225, 226, 228, 231, 233, 236, 237, 238, 239, 240, 241, 242, 247, 248, 249, 250, 254, 257, 259, 260, 261, 262, 265, 268, 269, 270, 273, 274, 279, 281, 282, 284, 285, 286, 288, 289, 290, 291, 294, 299, 300, 303, 332, 333, 334, 336, 337, 338, 339, 342, 344, 346, 349, 352, 355, 359, 362], "summary": {"covered_lines": 140, "num_statements": 197, "percent_covered": 71.06598984771574, "percent_covered_display": "71.07", "missing_lines": 57, "excluded_lines": 0}, "missing_lines": [91, 99, 100, 104, 105, 107, 108, 109, 111, 125, 126, 127, 128, 129, 131, 138, 141, 142, 143, 144, 146, 149, 150, 152, 167, 171, 172, 173, 174, 175, 177, 189, 190, 191, 192, 193, 195, 201, 204, 205, 206, 207, 209, 212, 213, 215, 243, 244, 251, 252, 276, 287, 347, 350, 353, 356, 360], "excluded_lines": []}}},